name,location,phone,email
Kiana Lor,China,8546270724,3nke9hsuju@gmail.com
Joshua Lonaker,United States of America,7016698944,f2tqn2oaql@gmail.com
Dakota Blanco,United States of America,7755159207,4pjuosi5p8@gmail.com
Natasha Yarusso,United States of America,6927743855,q340trs1sl@gmail.com
Brooke Cazares,Brazil,6879481795,1xooojrauf@gmail.com
Rochelle Johnson,United States of America,9926282488,i761uvnt5u@gmail.com
Joey Abreu,China,9809548502,vlnir77c42@gmail.com
Preston Suarez,Brazil,7749493492,jxe5qctt48@gmail.com
Lee Dong,Philippines,8070519875,iawdpb65in@gmail.com
Maa'iz al-Dia,Turkey,7518436518,b4la1cx350@gmail.com
Maja Nicholson,United States of America,9482542371,kyhz5fno6i@gmail.com
Sasha Jansen,United States of America,7762397361,bnqictivtb@gmail.com
Alexander Sherman,United States of America,7816537620,mow2tzx6l6@gmail.com
Edgar Sanchez,Mexico,8371337900,p9idnz6yq8@gmail.com
Kolbi Strunk,United States of America,8348238911,ikp126i8u2@gmail.com
Brittany Sath,Japan,7584450425,3m7pmozyzc@gmail.com
Meggan Smith,United States of America,7620512655,st2dyjto5w@gmail.com
Ericka Arreola,Mexico,9011559942,ybhqsovipv@gmail.com
David Pulc,Canada,6935597527,ipfrm4d6tw@gmail.com
Kyle Luckey,United States of America,9074325656,a0qfdpp6ke@gmail.com
Rojesh Her,Japan,9400997335,zhllszj7xm@gmail.com
David Weber,China,7958828239,f9i11b1mnv@gmail.com
Rachel Jambor,United States of America,9240336128,gx3nvxbip4@gmail.com
Mus'ab al-Moustafa,Pakistan,9154307290,lpe54d42o7@gmail.com
Sila Nguyen,China,8062586798,krcz7yiuqj@gmail.com
Samantha Hicks,United States of America,8860769654,cm6v0iubpx@gmail.com
Angela Harding,United States of America,6850414836,r00hxa522c@gmail.com
Brandon Barbour,United States of America,7505704580,vkini3zzwy@gmail.com
Reilly Wagar,United States of America,8362256664,wk0la06cmo@gmail.com
Victoria Ibarra,Dominican Republic,7318931340,0mbenqp4sn@gmail.com
Dakota Wirth,United States of America,9070557215,2pm9b7fenu@gmail.com
Lauren Klocker,United States of America,7884870914,plzw8cou3e@gmail.com
Michael Benson,United States of America,7912986826,gufesgyg9p@gmail.com
Sean Rozga,United States of America,7711426425,v1eu0ue5nd@gmail.com
Cody Vermeylen,United States of America,9487570081,wfxjl84dbw@gmail.com
Kinaana al-Jamail,India,8936106379,14yhk3c4tg@gmail.com
Daniel Garcia,Peru,7606821149,4m6os3dqt4@gmail.com
Katrina Saito,Japan,8313231636,u1lz1q5r40@gmail.com
Joshua Galloway,United States of America,6850776890,z6xr6ne7vh@gmail.com
Aylin Mendoza,Mexico,6763001235,rh0l8qteta@gmail.com
Sharon Fyfe,United States of America,7481663063,mm71tda24d@gmail.com
Afnaan el-Mohammed,India,7793452436,13a9c59fbb@gmail.com
Jesse Williams,Russian Federation,9199969837,w8rgh4moww@gmail.com
Kenny Fukushima,Japan,6919340174,krelr4oy2t@gmail.com
Tawnie Glaisher,United States of America,9407382026,1281vngmzb@gmail.com
Britany Stevens,United States of America,7079730074,ykm9t2l2dq@gmail.com
Alan Trinh,Japan,6820824427,6ce32vmefx@gmail.com
Zoe Kern,United States of America,7445275317,h5ofkpevyz@gmail.com
Sidney Beavers,United States of America,7625733328,dm6tl1vi8o@gmail.com
Miriam Aguilar,Mexico,7335444820,1xqyeeylhd@gmail.com
Issac Mata,Mexico,8340327700,gbif7nn8jp@gmail.com
Hannah Uren,United States of America,8593153905,xbt6b94e68@gmail.com
Zachary Bradley,Spain,7891578910,yyzlsm5v70@gmail.com
Moira Buttitto,United States of America,8753464165,9yuoshj6y6@gmail.com
Nicole Humpal,United States of America,9426315408,nmwc4nwfun@gmail.com
Georgia Williams,United States of America,9501655206,tpml87fzyy@gmail.com
Connor Ferry,United States of America,9951005076,0nm6xse5pl@gmail.com
Amanda Tatum,United States of America,7217267618,5k55914692@gmail.com
Cameron Steinberg,United States of America,8395893891,ky0ud7rcoz@gmail.com
Shuraih el-Karim,Pakistan,9048888021,iu6doeptle@gmail.com
Katelyn Sharp,United States of America,9481119585,sq30fog1j9@gmail.com
Colin Lemont,China,7350160738,itu8jvujsq@gmail.com
Donald Nevins,United States of America,9702979939,7a7rhhor9u@gmail.com
Macaela Kadillak,United States of America,9851588521,t4tsl4n9x3@gmail.com
Brittany Pratt,United States of America,9832257100,9tig2stlbd@gmail.com
Cameron Hancock,Poland,9635342109,fyfj9yxk0m@gmail.com
William Grevious,United States of America,8966672918,wg2j0but2a@gmail.com
Lindsey Job,United States of America,7908691284,f109cdanfw@gmail.com
Gabrielle Smith,Korea (Republic of),7938423356,indm3b2p0o@gmail.com
Allison Brink-Lomme,United States of America,9661281683,c8pqpekzyr@gmail.com
Sheyenne Delgado-Manzanares,Cuba,9160785791,7mudqafj1u@gmail.com
Joseph Smith,United States of America,8364742058,j2ea77cwsl@gmail.com
Fikra al-Mina,India,8348228259,8ryfx5f7tl@gmail.com
Aurelia Davis Ingham,United States of America,9488937792,zx5lymiz9h@gmail.com
Taylor Elstun,United States of America,7153859007,qouysdcuxz@gmail.com
Joseph Snider,United States of America,8756181281,uvlw614zl8@gmail.com
Sourinthone Tran,China,9412770964,kjj5d9h10n@gmail.com
Ibrahim al-Sawaya,Tunisia,8132647256,qhznxj3r3q@gmail.com
Alexandra Levy,United States of America,7489574767,s8h9rqfxvd@gmail.com
Macie Nguyen,Japan,7209021073,52s6hgzhvh@gmail.com
Sean Tegtman,United States of America,9517232954,icvjzp3wg9@gmail.com
Casey Vanden Bos,United States of America,8052488977,njzk1h47uj@gmail.com
Staci Maes,Mexico,9314062641,mu8otvcve6@gmail.com
Luke Davey,United States of America,7757665117,o7dwzlsq91@gmail.com
Harper Wheeler-Marques,United States of America,8008415126,fg77pbdqzz@gmail.com
Sherleen Saravanan,Myanmar,8779242040,osymbhqq9d@gmail.com
Myles Vaught,United States of America,7257140854,ziej85z3zg@gmail.com
Juan Guerrero Camacho,Mexico,8310418231,zkwo2n30uo@gmail.com
Lindsey Freund,United States of America,7323400807,lle1ndp66u@gmail.com
Savannah Clark,United States of America,6767546709,9edkmw8y2r@gmail.com
Bradley Monsell,United States of America,7813766569,okf9em1lni@gmail.com
Daisha Schmidt,United States of America,8822789371,zpykuq5r8w@gmail.com
Airabella Koontz,United States of America,8626893931,ohd7a4bo73@gmail.com
Hailey Malle,Russian Federation,7391267495,4tsm3kw4sl@gmail.com
Devon Miranda,Colombia,9770677693,u501rv3com@gmail.com
Danielle Nguyen,Japan,9875924384,3l43vs585f@gmail.com
Mateo Cisneros,Brazil,8855813279,iu6ypuqbn3@gmail.com
William Pablo,Japan,7663358294,hcsl23u8i9@gmail.com
Jason Hundsdorfer,United States of America,7841297565,xcle97cnhk@gmail.com
Antonio Desai,Japan,8360670153,oaitqfu4h1@gmail.com
Rachel Bakeman,United States of America,7565661671,4ygi2xvxbh@gmail.com
Mamdooh el-Moustafa,Pakistan,7559109496,j82788zby5@gmail.com
Lindsey Carter,United States of America,9728879523,ktxy1ob5tq@gmail.com
Duncan Kruse,United States of America,6993270799,zmprgir8yw@gmail.com
Callahan Foster,Canada,7070158151,tf769lcv0y@gmail.com
Jamie Ortiz,El Salvador,8301284164,lo68ji3fan@gmail.com
Ryan Barrett,United States of America,9456163739,pq5yodbqzu@gmail.com
Samuel Palmer,United States of America,9624315670,kyfwgit1fj@gmail.com
Riley Mcloughlin,United States of America,9519416191,yeaa1iyo0x@gmail.com
Aimee Apelyan,United States of America,7104009864,2v6v6z7dpr@gmail.com
Maryah Falloon,United States of America,8625872467,utoz26gpar@gmail.com
Lucille Mitchell,Canada,8094413470,bvx9d39g12@gmail.com
Christian Zambrano-Munoz,Mexico,7776660002,10pw7wt0cr@gmail.com
Bryce Vaillancourt,United States of America,8730774520,0fn1suuptz@gmail.com
Brandilyn Collins,United States of America,9357346127,wrrfxqy15r@gmail.com
Konner Gearhart,United States of America,9241352535,cfycmies1w@gmail.com
Andrew Houghton,United States of America,8234589863,8ubrfvplbq@gmail.com
Marisa Ramey,Mexico,9164247713,qpl4v02pzl@gmail.com
Magdalynne Noah,United States of America,8616208482,cl9a9d1xnx@gmail.com
Megan Salamena,United States of America,7620400616,dkzzl77wr4@gmail.com
Meghan Arnold,Russian Federation,8226975894,tm9ddva2y7@gmail.com
James Rice,Canada,7470162475,5ljxxe3fvf@gmail.com
Wesley Nunn,United States of America,7718992610,hjj0wvjfdi@gmail.com
Gareth Newkirk,United States of America,8558585736,98x67fand8@gmail.com
Austin Harline,United States of America,8717842017,1omy39cynu@gmail.com
Courtney Martinez,Mexico,9213507288,o4sb2rr2sd@gmail.com
Alexandra Graham,United States of America,8165045803,klmlw3oi0u@gmail.com
Alexander Swearingen,United States of America,6731079930,yr4lkxnxlb@gmail.com
Brandy Waldner,Germany,8755568636,u67v4bbmm8@gmail.com
Coleman Keelen,Spain,7313428935,pbyu3a84bs@gmail.com
Casey Buhr,United States of America,9090570324,c6g6vw6mbr@gmail.com
Shauna Sneed,United States of America,7458661298,0vtzn96tlg@gmail.com
Caitlin Dean,United States of America,8698579778,p61sbal4gl@gmail.com
Andrew Kirin,United States of America,8176816466,u31udm5q4v@gmail.com
Nadia Minks,Russian Federation,6677709840,a33kkbmtjz@gmail.com
Ivy Lucero,Brazil,9964932070,yj7zlmm0m3@gmail.com
Kevin Curry,United States of America,7112244397,ihvaps27h5@gmail.com
Charles Cramer,United States of America,7390221092,2jjnrltuwz@gmail.com
Emily Warner,United States of America,8727939828,60ycyx3dmx@gmail.com
Mckenzie Haycock,Canada,8814194475,53hae93t9n@gmail.com
Faviola Soto,Mexico,8118794580,l81ue9nv8o@gmail.com
Stephen Wharton,Mexico,7729323502,dkjkxuumfj@gmail.com
Alexandria Fortner,United States of America,9263451980,ont4nebhxl@gmail.com
Savannah Kivett,United States of America,7602436419,igm1hwvj1j@gmail.com
Tanner Jones,United States of America,9380164700,favvy18nvx@gmail.com
Luisa Bautista,Mexico,7175818815,3l26ajmu4p@gmail.com
Juhaina al-Bilal,Bangladesh,9985508254,44oar1o3bm@gmail.com
Siena Ingram,United States of America,8987304780,tllowta224@gmail.com
Alondra Gardea Corral,Mexico,8393759581,ajvc6xqu0d@gmail.com
Vincent Webster,United States of America,7035334876,p5kvtnu2oe@gmail.com
Abdul Jabbaar el-Abdul,Egypt,7591846771,g6oagjcua7@gmail.com
Patrick Carnes,United States of America,6830250974,7hd3wq8ho1@gmail.com
Shawn O Bryan,United States of America,7026504176,a5wx32nyca@gmail.com
Jenna Whitney,United States of America,9832906544,cd1z1o3pyo@gmail.com
Kaitlin Krueger,United States of America,7684192362,61a7oks3hg@gmail.com
Jaime Mikesell,United States of America,7829035347,xg5idspexk@gmail.com
Katelynn Andrie,United States of America,7594265010,5ip3o3ejtj@gmail.com
Maryn Manzanares,United States of America,7188110841,xwl9kt7qv4@gmail.com
Colleen Kohout,United States of America,9546884959,m5gqw2i7uy@gmail.com
Daniel Spurlin,United States of America,7536606761,8e39w5sr41@gmail.com
Trevor Bulba,United States of America,8631884673,049ppix0so@gmail.com
Jordan Burkhamer,United States of America,8276549531,p8be99f7ji@gmail.com
Rebecca Ah Fat,China,8162650271,tmdilece8r@gmail.com
Christopher Jacobo,United States of America,9383251078,silwudjr0i@gmail.com
Min Singal,Japan,7382270384,c26dmtnyu5@gmail.com
Corey Rademacher,Ukraine,7821463476,r68d38uaoh@gmail.com
Alexander Reed,United States of America,7123346734,bhj3z1fab9@gmail.com
Dalen Whiting,United States of America,8318495071,yqru8y0lgf@gmail.com
Chelsea Persky,United States of America,8912927534,or2yae7phh@gmail.com
Karla Taylor,Mexico,8839752446,v4yqwrt3th@gmail.com
Kaden Yates,United States of America,8853924755,lur927y5oa@gmail.com
Maimoona el-Soliman,Turkey,9370274449,k4zvd2y9t3@gmail.com
Aaqil el-Hashemi,India,7832586202,gmcabjjh0w@gmail.com
Sean Bruso,United Kingdom,6825072330,m283g4zuuy@gmail.com
Andrew Bishop,United States of America,7893336238,v7q6jxl2mi@gmail.com
Zahraaa el-Yousef,India,7702672210,003nc2bsdg@gmail.com
Surya Ky,China,9774227597,ddxwe131r5@gmail.com
George Mann,Russian Federation,7038932809,rgfon8yj25@gmail.com
Latino Calderon,Mexico,8605944246,c4cn16d8q1@gmail.com
Baylen Cloutier,United States of America,7948945773,3zyeykzswh@gmail.com
Nicole Torres-Valadez,Brazil,9989515445,7ua4gt9fu5@gmail.com
Addie Villavicencio,United States of America,7242428122,lopg7lozsq@gmail.com
Billy Jack Bestle,United States of America,9437874368,wxn99b3bnm@gmail.com
Isabella Martinez,Colombia,7186514408,4ksyn8hz2s@gmail.com
Kimberly Thielke,United States of America,9224166387,k1gmmi9wsx@gmail.com
Adrian Miguel-Gomez,Colombia,9192551381,mu0wwkfsna@gmail.com
Kayla Sales,United States of America,9800045121,v03tbtzt5h@gmail.com
Haafiza al-Attar,Morocco,7285462628,6xbk8zlm6d@gmail.com
Juanita Medina,Mexico,7582770011,vqtl9itetb@gmail.com
Emma Kim,China,7302069413,vz1s9cg3mr@gmail.com
Mckayla Dopler,Netherlands,8782815584,wf7523o9n0@gmail.com
Jonathan Nevarez,Mexico,7999316248,2715876xk5@gmail.com
Roger Redfern,United States of America,7820264453,8tx895pmvx@gmail.com
Hannah Critchfield,United States of America,8227719786,g6rpcyndpx@gmail.com
Chue Fue Richter,China,8286760942,fb8y0y3pk6@gmail.com
Joshua Mesan,United States of America,6750720989,s7wdk1i8q1@gmail.com
Dylan Bell,United States of America,7154562160,byeis17qlk@gmail.com
Troy White,United States of America,7381939296,zgtf4snefg@gmail.com
Sabaaha al-Latif,India,7869338640,othzu2kl8g@gmail.com
Grant Walden,United States of America,7067789062,rjkf84lvma@gmail.com
Kitty Nguyen,Japan,6963826533,qptokspw81@gmail.com
Tyler Kibel,United States of America,7091061774,bzf55d2avi@gmail.com
Kyler Overboe,United States of America,8580647302,mel7h4fad7@gmail.com
Alexander Lizama,Brazil,9484776984,8a7hb9bgec@gmail.com
Aaron Knott,United States of America,8555165442,7lvrgv3i28@gmail.com
Jessica Greenberg,United States of America,9570782472,czrxt32kyg@gmail.com
Lexi Hatton,United States of America,9571599102,6jck01k94l@gmail.com
Jesse Hodapp,United States of America,7454821195,c00jr948ot@gmail.com
Andrew Brunelli,United States of America,9042273313,pk0u10rb9r@gmail.com
Makenzie Swann,United States of America,7518328535,ujpfi0nd03@gmail.com
Carlos Anaya,Mexico,7053956777,kc112zsxmf@gmail.com
Felipe Martinez Acosta,Chile,8392723444,ygnjwlvs07@gmail.com
Emma Casias,United States of America,7353791808,vundbarg0v@gmail.com
Adolf Malik,Korea (Republic of),7716505372,y4sg555lpv@gmail.com
Christian Chow,China,8922185121,rsz81nzexn@gmail.com
Asad el-Yacoub,India,6910162689,9fx7kzrog8@gmail.com
Holly Marshall,United States of America,8743972386,4ywbexuooi@gmail.com
Brandilyn Hanselman,Russian Federation,8564583103,xpwmkb3g9q@gmail.com
Nicole Patria,China,6745835515,ix1bgyxx1z@gmail.com
Kyler Grieshaber,United States of America,8453984938,n2ml4cr5op@gmail.com
Jasper Stang,United States of America,6817078875,al9umbkeu4@gmail.com
Anthony Visocsky,United States of America,7652029369,mrbi8n07m3@gmail.com
Jake Seime,United States of America,6698216641,6l52vrdzie@gmail.com
Dasha Bannock Lee,United States of America,7974634383,bz7c5fi7fp@gmail.com
Anthony Mcdevitt,United States of America,8769966064,4qofilthqi@gmail.com
Darby Focken,United States of America,8743111141,dwrb4uiluv@gmail.com
Abigail Gallegos,Brazil,7398630826,gsx7hammpx@gmail.com
Patricia Rockhold,United States of America,8277497199,pyoxucnuaq@gmail.com
Kylie Schafer,United States of America,7038854857,n9ds2r89d4@gmail.com
Katherine Beatty,United States of America,8057170608,eb9d53l5uy@gmail.com
Melissa Bickel,United Kingdom,6763860764,pul7f8dru1@gmail.com
Rachel Boh,United States of America,9308268284,00r9lahq6y@gmail.com
Anna Yoshimura,China,8383864332,hgdgo341z7@gmail.com
Joseph Hazelton,United States of America,8282608575,cwihuveegt@gmail.com
Tiffany Nguyen,Thailand,8542754369,51gci79kve@gmail.com
Ryan Tyler,United States of America,7151492986,yteq7tmcq7@gmail.com
Max Flores,Mexico,7669088481,cxwv8n3435@gmail.com
Veronica Tounzen,Mexico,9129397322,mfqm66jnlo@gmail.com
Haley Ingrim-Hyrup,United States of America,7405069177,q30yn11xfd@gmail.com
Kayla Sandefur,United States of America,8429768482,85nui5bjyp@gmail.com
Rylee Onstott,United States of America,9385766374,0asozxqiwk@gmail.com
Kelli De Bartolome,United States of America,8625362656,wc1apumr3u@gmail.com
Thomas Chanlynn,United States of America,9178338310,7tpoer1g2e@gmail.com
Andrew Yelich,United States of America,7808119646,4d7j86dhy6@gmail.com
Dimitri Castillo,Colombia,9588767073,2pjgh3jrw0@gmail.com
Matthew Strasburger,United States of America,8106756384,ddeins7ocs@gmail.com
Vittoria Faulkner,United States of America,7242176400,35qwd2hien@gmail.com
Tyler Goetz,United States of America,8768105294,tlyc1hq8ia@gmail.com
Tyler Weller,United States of America,8126765229,pk8rjswjgt@gmail.com
Terri Mergelman,United States of America,9692645333,nzluzzsgv3@gmail.com
Abigail Orgeron,United States of America,9561582768,te7784qdlw@gmail.com
Jessica Huynh,Korea (Republic of),8029121815,f3diof8l4w@gmail.com
Kyle Blanscet,United States of America,6875145372,lq5k9fvhml@gmail.com
Ronald Toth,United States of America,7183943365,sigffbbkl9@gmail.com
Branden Cantrell,United States of America,8583097322,ifptky419d@gmail.com
Hannah Ratterman,United States of America,7814952232,5dx2zf4152@gmail.com
Alexandria Winter,United States of America,7917199940,95x31pqyly@gmail.com
Ryan Russell,United States of America,8639720225,6zbqouxp3q@gmail.com
Logan Nighswonger,United States of America,9691631952,rcx5e151dr@gmail.com
Zaghlool al-Pasha,India,8852920267,pi0grvkpkn@gmail.com
Madeline Kremke,United States of America,8160881816,hruzcegxv2@gmail.com
John Ferry,United States of America,8703136853,zgkxcbxlot@gmail.com
Michelle Goldanloo,United States of America,8819562041,qtqpm3lcb0@gmail.com
Ryan Heidebrecht,United States of America,7228201259,d181vh3k7l@gmail.com
Murtidevi Chung,Japan,8074510639,9pqn960dbz@gmail.com
Arely Rodriguez,Mexico,7844878854,3lveausv0t@gmail.com
Taylor Stone,United States of America,7674695058,3x6tehcum6@gmail.com
Melody Bowyer,United States of America,6940622111,bp6i3i5aj8@gmail.com
Bryant Ronquillo,Mexico,8123913727,515pca680a@gmail.com
Garrett Heim,United States of America,8135209200,deo36q1vr3@gmail.com
Cody Amen,United States of America,6892865611,2rto5g09k4@gmail.com
Jasmine Lopez,Brazil,8143980829,v9bd39ytmn@gmail.com
William Tierney,United States of America,9043927525,ph67a1xw8h@gmail.com
Matthew Sputh,United States of America,7001835656,63x19xhro3@gmail.com
Brenna Chapman,United States of America,8463295181,x460xwn7i3@gmail.com
Blake Loughran,United States of America,9860483850,frolfn86wk@gmail.com
Michael Melendrez,United States of America,6791031976,856l413m41@gmail.com
Katie Abercrombie,United States of America,7518304684,aitizoscxb@gmail.com
Justin Krause,United States of America,9228453802,kxfmblibtc@gmail.com
Jennifer Hauge,United States of America,8705555305,i3wdu75tz2@gmail.com
Tiffanie Her,Japan,6885047986,ght2htafc5@gmail.com
Dyllan Paige,United States of America,8268212020,zes5z5es9c@gmail.com
Cole Hathcoat,United States of America,6954844843,2t9t60u7jx@gmail.com
Jesse Carballo,Colombia,7554395465,8q08kkhps5@gmail.com
Robert Podolski,United States of America,7875903790,fsq3nkpqac@gmail.com
Viridiana Ballesteros,Brazil,9235446971,j7zw6fhrps@gmail.com
Michael Griffin,United States of America,8260286236,6z22sybhmc@gmail.com
Chad Klemp,United States of America,8296141639,ohqvg4qto0@gmail.com
Weldon Hightower,United States of America,8279025719,rdgk3j6zqm@gmail.com
Daniel Pierce,United States of America,8884840706,cbhvyuyvin@gmail.com
Michaela Schoenbeck,United States of America,8209130199,7u8rnoa1q0@gmail.com
Charles Prose,United States of America,9680420610,d4a4pylpnz@gmail.com
Brittany Kemmerzell,United States of America,8992375454,z4pdek3j0a@gmail.com
Taryn Springfield,Canada,7463759362,w1obppfpzc@gmail.com
Matthew Obourn,United States of America,8310199299,xpyosh5yjf@gmail.com
Travis Poss,United States of America,8488162301,so11a9r7du@gmail.com
Brittany Fernandez,Mexico,7088131764,6vfwmescji@gmail.com
Cody Smith,United States of America,8019839868,8yjrlfmy87@gmail.com
Nicolas Papp,United States of America,7663416552,jvh5d9sv8f@gmail.com
Christopher Inhulsen,United States of America,8270717112,0scjnqz0tr@gmail.com
Tessa Rawanduzy,United States of America,9432563626,snbp0kbbtz@gmail.com
Vanessa Gonzalez,Nicaragua,6667341577,7qw68ccxh0@gmail.com
Austin Haas,United States of America,6714294254,lbov6wlr8p@gmail.com
Madison Fithian,United States of America,9878897648,a0u37t9r7m@gmail.com
Zachary Mulvahill,United States of America,7213184238,glprohp86o@gmail.com
Eliana Michelsen,United States of America,9847013467,c24l3mcodn@gmail.com
Dane Whittemore,Canada,7148624093,391g096620@gmail.com
